[
    {
        "OrderID": 1,
        "PostNummer": 34,
        "Student": {
            "Id": 1,
            "Name": "mohammed",
            "Section": 1
        },
        "Foods": [
            {
                "Price": 200.0,
                "Title": "Programming",
                "ISBN": "111",
                "Author": "mohammed",
                "ImageName": "Coders.jfif"
            }
        ],
        "DateTime": "2020-11-06T21:15:00.6206645+01:00"
    },
    {
        "OrderID": 2,
        "PostNummer": 11111,
        "Student": {
            "Id": 4,
            "Name": "ib",
            "Section": 0
        },
        "Foods": [
            {
                "Price": 200.0,
                "Title": "Programming",
                "ISBN": "111",
                "Author": "allan",
                "ImageName": "Coders.jfif"
            },
            {
                "Price": 200.0,
                "Title": "Programming",
                "ISBN": "111",
                "Author": "allan",
                "ImageName": "Coders.jfif"
            }
        ],
        "DateTime": "2020-12-07T21:15:46.7043748+01:00"
    },
    {
        "OrderID": 3,
        "PostNummer": 234,
        "Student": {
            "Id": 3,
            "Name": "ib",
            "Section": 0
        },
        "Foods": [
            {
                "Price": 200.0,
                "Title": "Programming",
                "ISBN": "111",
                "Author": "allan",
                "ImageName": "Coders.jfif"
            },
            {
                "Price": 200.0,
                "Title": "Programming",
                "ISBN": "111",
                "Author": "allan",
                "ImageName": "Coders.jfif"
            }
        ],
        "DateTime": "2020-12-07T22:38:52.3468223+01:00"
    },
    {
        "OrderID": 4,
        "PostNummer": 1,
        "Kunde": [
            {
                "Navn": "Jacob"
            }
        ],


        "Foods": [
            {
                "Price": 200.0,
                "Title": "Programming",
                "ISBN": "111",
                "Author": "allan",
                "ImageName": "Coders.jfif"
            }
        ],
        "DateTime": "2020-12-08T09:37:11.3739441+01:00"
    }
]