[
  {
    "PostNummer": 34,
    "OrderID": 1,
    "MellemsID": null,
    "Navn": null,
    "Adresse": null,
    "PostNR": null,
    "Foods": [
      {
        "VareNummer": 0.0,
        "Navn": null,
        "Pris": 0.0,
        "Producent": null,
        "SidsteSalgsDato": 0.0,
        "Fedt": 0.0,
        "Kulhydrat": 0.0,
        "Protein": 0.0,
        "ImageName": "Coders.jfif"
      }
    ],
    "Kunder": null,
    "DateTime": "2020-11-06T21:15:00.6206645+01:00"
  },
  {
    "PostNummer": 11111,
    "OrderID": 2,
    "MellemsID": null,
    "Navn": null,
    "Adresse": null,
    "PostNR": null,
    "Foods": [
      {
        "VareNummer": 0.0,
        "Navn": null,
        "Pris": 0.0,
        "Producent": null,
        "SidsteSalgsDato": 0.0,
        "Fedt": 0.0,
        "Kulhydrat": 0.0,
        "Protein": 0.0,
        "ImageName": "Coders.jfif"
      },
      {
        "VareNummer": 0.0,
        "Navn": null,
        "Pris": 0.0,
        "Producent": null,
        "SidsteSalgsDato": 0.0,
        "Fedt": 0.0,
        "Kulhydrat": 0.0,
        "Protein": 0.0,
        "ImageName": "Coders.jfif"
      }
    ],
    "Kunder": null,
    "DateTime": "2020-12-07T21:15:46.7043748+01:00"
  },
  {
    "PostNummer": 234,
    "OrderID": 3,
    "MellemsID": null,
    "Navn": null,
    "Adresse": null,
    "PostNR": null,
    "Foods": [
      {
        "VareNummer": 0.0,
        "Navn": null,
        "Pris": 0.0,
        "Producent": null,
        "SidsteSalgsDato": 0.0,
        "Fedt": 0.0,
        "Kulhydrat": 0.0,
        "Protein": 0.0,
        "ImageName": "Coders.jfif"
      },
      {
        "VareNummer": 0.0,
        "Navn": null,
        "Pris": 0.0,
        "Producent": null,
        "SidsteSalgsDato": 0.0,
        "Fedt": 0.0,
        "Kulhydrat": 0.0,
        "Protein": 0.0,
        "ImageName": "Coders.jfif"
      }
    ],
    "Kunder": null,
    "DateTime": "2020-12-07T22:38:52.3468223+01:00"
  },
  {
    "PostNummer": 1,
    "OrderID": 4,
    "MellemsID": null,
    "Navn": null,
    "Adresse": null,
    "PostNR": null,
    "Foods": [
      {
        "VareNummer": 0.0,
        "Navn": null,
        "Pris": 0.0,
        "Producent": null,
        "SidsteSalgsDato": 0.0,
        "Fedt": 0.0,
        "Kulhydrat": 0.0,
        "Protein": 0.0,
        "ImageName": "Coders.jfif"
      }
    ],
    "Kunder": null,
    "DateTime": "2020-12-08T09:37:11.3739441+01:00"
  },
  {
    "PostNummer": 0,
    "OrderID": 5,
    "MellemsID": {
      "MellemsID": 0,
      "Navn": "Jacob",
      "Adresse": null,
      "PostNR": null,
      "Mail": null,
      "Telefon": null,
      "Password": null,
      "OrderID": null,
      "Section": 0,
      "Id": 66,
      "Name": null
    },
    "Navn": null,
    "Adresse": null,
    "PostNR": null,
    "Foods": [
      {
        "VareNummer": 80.0,
        "Navn": "Fisk",
        "Pris": 200.0,
        "Producent": "Fisk",
        "SidsteSalgsDato": 12354.0,
        "Fedt": 50.0,
        "Kulhydrat": 50.0,
        "Protein": 52.0,
        "ImageName": "bo"
      }
    ],
    "Kunder": null,
    "DateTime": "2020-12-11T11:12:42.0647437+01:00"
  },
  {
    "PostNummer": 0,
    "OrderID": 6,
    "MellemsID": {
      "MellemsID": 0,
      "Navn": "Jacob",
      "Adresse": null,
      "PostNR": null,
      "Mail": null,
      "Telefon": null,
      "Password": null,
      "OrderID": null,
      "Section": 0,
      "Id": 777,
      "Name": null
    },
    "Navn": null,
    "Adresse": null,
    "PostNR": null,
    "Foods": [
      {
        "VareNummer": 80.0,
        "Navn": "Fisk",
        "Pris": 200.0,
        "Producent": "Fisk",
        "SidsteSalgsDato": 12354.0,
        "Fedt": 50.0,
        "Kulhydrat": 50.0,
        "Protein": 52.0,
        "ImageName": "bo"
      }
    ],
    "Kunder": null,
    "DateTime": "2020-12-11T11:43:03.4487625+01:00"
  },
  {
    "PostNummer": 0,
    "OrderID": 7,
    "MellemsID": {
      "MellemsID": 0,
      "Navn": "Jacob",
      "Adresse": null,
      "PostNR": null,
      "Mail": null,
      "Telefon": null,
      "Password": null,
      "OrderID": null,
      "Section": 0,
      "Id": 44,
      "Name": null
    },
    "Navn": null,
    "Adresse": null,
    "PostNR": null,
    "Foods": [
      {
        "VareNummer": 80.0,
        "Navn": "Fisk",
        "Pris": 200.0,
        "Producent": "Fisk",
        "SidsteSalgsDato": 12354.0,
        "Fedt": 50.0,
        "Kulhydrat": 50.0,
        "Protein": 52.0,
        "ImageName": "bo"
      }
    ],
    "Kunder": null,
    "DateTime": "2020-12-11T11:46:48.967214+01:00"
  },
  {
    "PostNummer": 0,
    "OrderID": 8,
    "MellemsID": {
      "MellemsID": 0,
      "Navn": "Bo",
      "Adresse": null,
      "PostNR": null,
      "Mail": null,
      "Telefon": null,
      "Password": null,
      "OrderID": null,
      "Section": 1,
      "Id": 435445,
      "Name": null
    },
    "Navn": null,
    "Adresse": null,
    "PostNR": null,
    "Foods": [
      {
        "VareNummer": 65.0,
        "Navn": "kød",
        "Pris": 70.0,
        "Producent": "hhfd",
        "SidsteSalgsDato": 1223231.0,
        "Fedt": 12.0,
        "Kulhydrat": 12.0,
        "Protein": 12.0,
        "ImageName": "vxvv"
      }
    ],
    "Kunder": null,
    "DateTime": "2020-12-11T11:55:44.5741851+01:00"
  },
  {
    "PostNummer": 0,
    "OrderID": 9,
    "MellemsID": {
      "MellemsID": 0,
      "Navn": "Bo",
      "Adresse": null,
      "PostNR": null,
      "Mail": null,
      "Telefon": null,
      "Password": null,
      "OrderID": null,
      "Section": 0,
      "Id": 34534,
      "Name": null
    },
    "Navn": null,
    "Adresse": null,
    "PostNR": null,
    "Foods": [
      {
        "VareNummer": 65.0,
        "Navn": "kød",
        "Pris": 70.0,
        "Producent": "hhfd",
        "SidsteSalgsDato": 1223231.0,
        "Fedt": 12.0,
        "Kulhydrat": 12.0,
        "Protein": 12.0,
        "ImageName": "vxvv"
      }
    ],
    "Kunder": [
      {
        "MellemsID": 1,
        "Navn": "Jacob",
        "Adresse": "Jyllinge",
        "PostNR": "4040",
        "Mail": "null@null.null",
        "Telefon": "123",
        "Password": "null",
        "OrderID": null,
        "Section": 0,
        "Id": 0,
        "Name": null
      },
      {
        "MellemsID": 133,
        "Navn": "Bo",
        "Adresse": "Der",
        "PostNR": "2020",
        "Mail": "123",
        "Telefon": "123",
        "Password": "123",
        "OrderID": null,
        "Section": 0,
        "Id": 0,
        "Name": null
      }
    ],
    "DateTime": "2020-12-11T12:09:44.2281213+01:00"
  },
  {
    "PostNummer": 0,
    "OrderID": 10,
    "MellemsID": {
      "MellemsID": 0,
      "Navn": "Yes man",
      "Adresse": null,
      "PostNR": null,
      "Mail": null,
      "Telefon": null,
      "Password": null,
      "OrderID": null,
      "Section": 1,
      "Id": 4354,
      "Name": null
    },
    "Navn": null,
    "Adresse": null,
    "PostNR": null,
    "Foods": [
      {
        "VareNummer": 65.0,
        "Navn": "kød",
        "Pris": 70.0,
        "Producent": "hhfd",
        "SidsteSalgsDato": 1223231.0,
        "Fedt": 12.0,
        "Kulhydrat": 12.0,
        "Protein": 12.0,
        "ImageName": "vxvv"
      },
      {
        "VareNummer": 50.0,
        "Navn": "Røvhuller",
        "Pris": 35.0,
        "Producent": "rdfsdf",
        "SidsteSalgsDato": 435435.0,
        "Fedt": 45354.0,
        "Kulhydrat": 45.0,
        "Protein": 43545.0,
        "ImageName": "hej.gif"
      }
    ],
    "Kunder": [
      {
        "MellemsID": 1,
        "Navn": "Jacob",
        "Adresse": "Jyllinge",
        "PostNR": "4040",
        "Mail": "null@null.null",
        "Telefon": "123",
        "Password": "null",
        "OrderID": null,
        "Section": 0,
        "Id": 0,
        "Name": null
      },
      {
        "MellemsID": 133,
        "Navn": "Bo",
        "Adresse": "Der",
        "PostNR": "2020",
        "Mail": "123",
        "Telefon": "123",
        "Password": "123",
        "OrderID": null,
        "Section": 0,
        "Id": 0,
        "Name": null
      },
      {
        "MellemsID": 43545,
        "Navn": "Yes man",
        "Adresse": "røvhul",
        "PostNR": "3434",
        "Mail": "jlkdfjsl",
        "Telefon": "6114 rendmig",
        "Password": "4353454",
        "OrderID": null,
        "Section": 0,
        "Id": 0,
        "Name": null
      }
    ],
    "DateTime": "2020-12-11T12:37:04.3668897+01:00"
  },
  {
    "PostNummer": 0,
    "OrderID": 11,
    "MellemsID": {
      "MellemsID": 0,
      "Navn": "Yes man",
      "Adresse": null,
      "PostNR": null,
      "Mail": null,
      "Telefon": null,
      "Password": null,
      "OrderID": null,
      "Section": 1,
      "Id": 43434,
      "Name": null
    },
    "Navn": null,
    "Adresse": null,
    "PostNR": null,
    "Foods": [
      {
        "VareNummer": 50.0,
        "Navn": "Røvhuller",
        "Pris": 35.0,
        "Producent": "rdfsdf",
        "SidsteSalgsDato": 435435.0,
        "Fedt": 45354.0,
        "Kulhydrat": 45.0,
        "Protein": 43545.0,
        "ImageName": "hej.gif"
      },
      {
        "VareNummer": 50.0,
        "Navn": "Røvhuller",
        "Pris": 35.0,
        "Producent": "rdfsdf",
        "SidsteSalgsDato": 435435.0,
        "Fedt": 45354.0,
        "Kulhydrat": 45.0,
        "Protein": 43545.0,
        "ImageName": "hej.gif"
      }
    ],
    "Kunder": [],
    "DateTime": "2020-12-11T12:49:13.2762233+01:00"
  },
  {
    "PostNummer": 0,
    "OrderID": 12,
    "MellemsID": null,
    "Navn": null,
    "Adresse": null,
    "PostNR": null,
    "Foods": [
      {
        "VareNummer": 50.0,
        "Navn": "Røvhuller",
        "Pris": 35.0,
        "Producent": "rdfsdf",
        "SidsteSalgsDato": 435435.0,
        "Fedt": 45354.0,
        "Kulhydrat": 45.0,
        "Protein": 43545.0,
        "ImageName": "hej.gif"
      }
    ],
    "Kunder": [],
    "DateTime": "2020-12-11T12:53:47.1985521+01:00"
  },
  {
    "PostNummer": 0,
    "OrderID": 13,
    "MellemsID": null,
    "Navn": null,
    "Adresse": null,
    "PostNR": null,
    "Foods": [
      {
        "VareNummer": 80.0,
        "Navn": "Fisk",
        "Pris": 200.0,
        "Producent": "Fisk",
        "SidsteSalgsDato": 12354.0,
        "Fedt": 50.0,
        "Kulhydrat": 50.0,
        "Protein": 52.0,
        "ImageName": "bo"
      }
    ],
    "Kunder": [
      {
        "MellemsID": 1,
        "Navn": "Jacob",
        "Adresse": "Jyllinge",
        "PostNR": "4040",
        "Mail": "null@null.null",
        "Telefon": "123",
        "Password": "null",
        "OrderID": null,
        "Section": 0,
        "Id": 0,
        "Name": null
      },
      {
        "MellemsID": 133,
        "Navn": "Bo",
        "Adresse": "Der",
        "PostNR": "2020",
        "Mail": "123",
        "Telefon": "123",
        "Password": "123",
        "OrderID": null,
        "Section": 0,
        "Id": 0,
        "Name": null
      },
      {
        "MellemsID": 43545,
        "Navn": "Yes man",
        "Adresse": "røvhul",
        "PostNR": "3434",
        "Mail": "jlkdfjsl",
        "Telefon": "6114 rendmig",
        "Password": "4353454",
        "OrderID": null,
        "Section": 0,
        "Id": 0,
        "Name": null
      }
    ],
    "DateTime": "2020-12-11T13:02:14.7493218+01:00"
  },
  {
    "PostNummer": 0,
    "OrderID": 14,
    "MellemsID": null,
    "Navn": null,
    "Adresse": null,
    "PostNR": null,
    "Foods": [
      {
        "VareNummer": 80.0,
        "Navn": "Fisk",
        "Pris": 200.0,
        "Producent": "Fisk",
        "SidsteSalgsDato": 12354.0,
        "Fedt": 50.0,
        "Kulhydrat": 50.0,
        "Protein": 52.0,
        "ImageName": "bo"
      }
    ],
    "Kunder": [
      {
        "MellemsID": 1,
        "Navn": "Jacob",
        "Adresse": "Jyllinge",
        "PostNR": "4040",
        "Mail": "null@null.null",
        "Telefon": "123",
        "Password": "null",
        "OrderID": null,
        "Section": 0,
        "Id": 0,
        "Name": null
      },
      {
        "MellemsID": 133,
        "Navn": "Bo",
        "Adresse": "Der",
        "PostNR": "2020",
        "Mail": "123",
        "Telefon": "123",
        "Password": "123",
        "OrderID": null,
        "Section": 0,
        "Id": 0,
        "Name": null
      },
      {
        "MellemsID": 43545,
        "Navn": "Yes man",
        "Adresse": "røvhul",
        "PostNR": "3434",
        "Mail": "jlkdfjsl",
        "Telefon": "6114 rendmig",
        "Password": "4353454",
        "OrderID": null,
        "Section": 0,
        "Id": 0,
        "Name": null
      }
    ],
    "DateTime": "2020-12-11T13:18:32.7859723+01:00"
  },
  {
    "PostNummer": 0,
    "OrderID": 15,
    "MellemsID": null,
    "Navn": null,
    "Adresse": null,
    "PostNR": null,
    "Foods": [
      {
        "VareNummer": 80.0,
        "Navn": "Fisk",
        "Pris": 200.0,
        "Producent": "Fisk",
        "SidsteSalgsDato": 12354.0,
        "Fedt": 50.0,
        "Kulhydrat": 50.0,
        "Protein": 52.0,
        "ImageName": "bo"
      }
    ],
    "Kunder": [],
    "DateTime": "2020-12-11T13:20:27.5368307+01:00"
  },
  {
    "PostNummer": 0,
    "OrderID": 16,
    "MellemsID": null,
    "Navn": null,
    "Adresse": null,
    "PostNR": null,
    "Foods": [
      {
        "VareNummer": 50.0,
        "Navn": "Røvhuller",
        "Pris": 35.0,
        "Producent": "rdfsdf",
        "SidsteSalgsDato": 435435.0,
        "Fedt": 45354.0,
        "Kulhydrat": 45.0,
        "Protein": 43545.0,
        "ImageName": "hej.gif"
      }
    ],
    "Kunder": [],
    "DateTime": "2020-12-11T13:31:37.493248+01:00"
  },
  {
    "PostNummer": 0,
    "OrderID": 17,
    "MellemsID": null,
    "Navn": null,
    "Adresse": null,
    "PostNR": null,
    "Foods": [
      {
        "VareNummer": 80.0,
        "Navn": "Fisk",
        "Pris": 200.0,
        "Producent": "Fisk",
        "SidsteSalgsDato": 12354.0,
        "Fedt": 50.0,
        "Kulhydrat": 50.0,
        "Protein": 52.0,
        "ImageName": "bo"
      }
    ],
    "Kunder": [],
    "DateTime": "2020-12-11T13:34:12.6020428+01:00"
  },
  {
    "PostNummer": 0,
    "OrderID": 18,
    "MellemsID": null,
    "Navn": null,
    "Adresse": null,
    "PostNR": null,
    "Foods": [
      {
        "VareNummer": 55.0,
        "Navn": "kød",
        "Pris": 444.0,
        "Producent": "hhfd",
        "SidsteSalgsDato": 1223231.0,
        "Fedt": 0.0,
        "Kulhydrat": 0.0,
        "Protein": 0.0,
        "ImageName": null
      }
    ],
    "Kunder": [],
    "DateTime": "2020-12-11T13:38:27.9462753+01:00"
  }
]