[
  {
    "PostNummer": 0,
    "OrderID": 42,
    "Levering": "Afhentning",
    "MedlemsID": null,
    "Navn": "Jacob",
    "Adresse": null,
    "PostNR": null,
    "Foods": [
      {
        "VareNummer": 65,
        "Navn": "kød",
        "Pris": 70.0,
        "Producent": "hhfd",
        "SidsteSalgsDato": 1223231.0,
        "Fedt": 12.0,
        "Kulhydrat": 12.0,
        "Protein": 12.0,
        "ImageName": "vxvv"
      }
    ],
    "Kunde": [],
    "DateTime": "2020-12-14T10:52:13.7897002+01:00"
  },
  {
    "PostNummer": 0,
    "OrderID": 43,
    "Levering": "Levering",
    "MedlemsID": null,
    "Navn": "Yes man",
    "Adresse": null,
    "PostNR": null,
    "Foods": [
      {
        "VareNummer": 65,
        "Navn": "kød",
        "Pris": 70.0,
        "Producent": "hhfd",
        "SidsteSalgsDato": 1223231.0,
        "Fedt": 12.0,
        "Kulhydrat": 12.0,
        "Protein": 12.0,
        "ImageName": "vxvv"
      },
      {
        "VareNummer": 65,
        "Navn": "kød",
        "Pris": 70.0,
        "Producent": "hhfd",
        "SidsteSalgsDato": 1223231.0,
        "Fedt": 12.0,
        "Kulhydrat": 12.0,
        "Protein": 12.0,
        "ImageName": "vxvv"
      }
    ],
    "Kunde": [],
    "DateTime": "2020-12-14T10:54:24.6805895+01:00"
  },
  {
    "PostNummer": 50,
    "OrderID": 44,
    "Levering": "Levering",
    "MedlemsID": null,
    "Navn": "Jacob",
    "Adresse": null,
    "PostNR": null,
    "Foods": [
      {
        "VareNummer": 50,
        "Navn": "Røvhuller",
        "Pris": 35.0,
        "Producent": "rdfsdf",
        "SidsteSalgsDato": 435435.0,
        "Fedt": 45354.0,
        "Kulhydrat": 45.0,
        "Protein": 43545.0,
        "ImageName": "hej.gif"
      }
    ],
    "Kunde": [],
    "DateTime": "2020-12-14T11:21:53.8607592+01:00"
  },
  {
    "PostNummer": 1234,
    "OrderID": 45,
    "Levering": "Afhentning",
    "MedlemsID": null,
    "Navn": "Aleksander",
    "Adresse": null,
    "PostNR": null,
    "Foods": [
      {
        "VareNummer": 65,
        "Navn": "kød",
        "Pris": 70.0,
        "Producent": "hhfd",
        "SidsteSalgsDato": 1223231.0,
        "Fedt": 12.0,
        "Kulhydrat": 12.0,
        "Protein": 12.0,
        "ImageName": "vxvv"
      }
    ],
    "Kunde": [],
    "DateTime": "2020-12-14T11:24:57.1361492+01:00"
  },
  {
    "PostNummer": 2000,
    "OrderID": 46,
    "Levering": "Afhentning",
    "MedlemsID": null,
    "Navn": "Ib",
    "Adresse": null,
    "PostNR": null,
    "Foods": [
      {
        "VareNummer": 65,
        "Navn": "kød",
        "Pris": 70.0,
        "Producent": "hhfd",
        "SidsteSalgsDato": 1223231.0,
        "Fedt": 12.0,
        "Kulhydrat": 12.0,
        "Protein": 12.0,
        "ImageName": "vxvv"
      }
    ],
    "Kunde": [],
    "DateTime": "2020-12-14T18:25:27.6547391+01:00"
  },
  {
    "PostNummer": 1000,
    "OrderID": 47,
    "Levering": "Levering",
    "MedlemsID": null,
    "Navn": "Jacob",
    "Adresse": null,
    "PostNR": null,
    "Foods": [
      {
        "VareNummer": 65,
        "Navn": "kød",
        "Pris": 70.0,
        "Producent": "hhfd",
        "SidsteSalgsDato": 1223231.0,
        "Fedt": 12.0,
        "Kulhydrat": 12.0,
        "Protein": 12.0,
        "ImageName": "vxvv"
      }
    ],
    "Kunde": [],
    "DateTime": "2020-12-14T18:26:00.3163963+01:00"
  },
  {
    "PostNummer": 1500,
    "OrderID": 48,
    "Levering": "Levering",
    "MedlemsID": null,
    "Navn": "Jacob",
    "Adresse": null,
    "PostNR": null,
    "Foods": [
      {
        "VareNummer": 65,
        "Navn": "kød",
        "Pris": 70.0,
        "Producent": "hhfd",
        "SidsteSalgsDato": 1223231.0,
        "Fedt": 12.0,
        "Kulhydrat": 12.0,
        "Protein": 12.0,
        "ImageName": "vxvv"
      }
    ],
    "Kunde": [],
    "DateTime": "2020-12-14T18:27:17.3066035+01:00"
  },
  {
    "PostNummer": 4565,
    "OrderID": 49,
    "Levering": "Levering",
    "MedlemsID": null,
    "Navn": "Jacob",
    "Adresse": null,
    "PostNR": null,
    "Foods": [
      {
        "VareNummer": 5100,
        "Navn": "kødhhh",
        "Pris": 70.0,
        "Producent": "hhfd",
        "SidsteSalgsDato": 12354.0,
        "Fedt": 12.0,
        "Kulhydrat": 12.0,
        "Protein": 12.0,
        "ImageName": "bo"
      }
    ],
    "Kunde": [],
    "DateTime": "2020-12-14T21:51:33.1997246+01:00"
  },
  {
    "PostNummer": 4000,
    "OrderID": 50,
    "Levering": "Levering",
    "MedlemsID": null,
    "Navn": "sdfsdf",
    "Adresse": null,
    "PostNR": null,
    "Foods": [
      {
        "VareNummer": 345,
        "Navn": "dfgdfg",
        "Pris": 2.0,
        "Producent": "fghgh",
        "SidsteSalgsDato": 345345.0,
        "Fedt": 34534.0,
        "Kulhydrat": 34534.0,
        "Protein": 34534.0,
        "ImageName": "gdt"
      }
    ],
    "Kunde": [],
    "DateTime": "2020-12-15T10:15:08.2742315+01:00"
  },
  {
    "PostNummer": 4000,
    "OrderID": 51,
    "Levering": "Levering",
    "MedlemsID": null,
    "Navn": "Jacob",
    "Adresse": null,
    "PostNR": null,
    "Foods": [
      {
        "VareNummer": 345,
        "Navn": "dfgdfg",
        "Pris": 2.0,
        "Producent": "fghgh",
        "SidsteSalgsDato": 345345.0,
        "Fedt": 34534.0,
        "Kulhydrat": 34534.0,
        "Protein": 34534.0,
        "ImageName": "gdt"
      }
    ],
    "Kunde": [],
    "DateTime": "2020-12-15T10:16:04.7783315+01:00"
  },
  {
    "PostNummer": 4000,
    "OrderID": 52,
    "Levering": "Levering",
    "MedlemsID": null,
    "Navn": "Jacob",
    "Adresse": null,
    "PostNR": null,
    "Foods": [
      {
        "VareNummer": 345,
        "Navn": "dfgdfg",
        "Pris": 2.0,
        "Producent": "fghgh",
        "SidsteSalgsDato": 345345.0,
        "Fedt": 34534.0,
        "Kulhydrat": 34534.0,
        "Protein": 34534.0,
        "ImageName": "gdt"
      }
    ],
    "Kunde": [],
    "DateTime": "2020-12-15T10:16:46.6609972+01:00"
  }
]