{
  "69": {
    "VareNummer": 69,
    "Navn": "kød",
    "Pris": 444.0,
    "Producent": "Fisk",
    "SidsteSalgsDato": 12354.0,
    "Fedt": 50.0,
    "Kulhydrat": 12.0,
    "Protein": 52.0,
    "ImageName": "vxvv"
  },
  "345": {
    "VareNummer": 345,
    "Navn": "dfgdfg",
    "Pris": 2.0,
    "Producent": "fghgh",
    "SidsteSalgsDato": 345345.0,
    "Fedt": 34534.0,
    "Kulhydrat": 34534.0,
    "Protein": 34534.0,
    "ImageName": "gdt"
  },
  "34243": {
    "VareNummer": 34243,
    "Navn": "hej",
    "Pris": 43534.0,
    "Producent": "rgsdg",
    "SidsteSalgsDato": 324234.0,
    "Fedt": 324234.0,
    "Kulhydrat": 324234.0,
    "Protein": 234234.0,
    "ImageName": "roberto burle marx .jpg"
  }
}