{
  "45": {
    "VareNummer": 45,
    "Navn": "Laks",
    "Pris": 60.0,
    "Producent": "dfs",
    "SidsteSalgsDato": 12.0,
    "Fedt": 45.0,
    "Kulhydrat": 34.0,
    "Protein": 435.0,
    "ImageName": "fg"
  },
  "456": {
    "VareNummer": 456,
    "Navn": "Ost",
    "Pris": 0.0,
    "Producent": "hej",
    "SidsteSalgsDato": 12.0,
    "Fedt": 56.0,
    "Kulhydrat": 75.0,
    "Protein": 74.0,
    "ImageName": null
  },
  "534": {
    "VareNummer": 534,
    "Navn": "kød",
    "Pris": 70.0,
    "Producent": "Fisk",
    "SidsteSalgsDato": 12354.0,
    "Fedt": 50.0,
    "Kulhydrat": 50.0,
    "Protein": 12.0,
    "ImageName": "bo"
  }
}