[
  {
    "MedlemsID": 0,
    "Navn": "Jacob",
    "Adresse": "Jyllinge",
    "Post": 0,
    "Postnummer": 0,
    "Mail": "null@null.null",
    "Telefon": "123",
    "Password": "null",
    "OrderID": null,
    "Levering": null,
    "Id": 0,
    "Name": null
  },
  {
    "MedlemsID": 0,
    "Navn": "Bo",
    "Adresse": "Der",
    "Post": 0,
    "Postnummer": 0,
    "Mail": "123",
    "Telefon": "123",
    "Password": "123",
    "OrderID": null,
    "Levering": null,
    "Id": 0,
    "Name": null
  },
  {
    "MedlemsID": 0,
    "Navn": "Yes man",
    "Adresse": "røvhul",
    "Post": 0,
    "Postnummer": 0,
    "Mail": "jlkdfjsl",
    "Telefon": "6114 rendmig",
    "Password": "4353454",
    "OrderID": null,
    "Levering": null,
    "Id": 0,
    "Name": null
  },
  {
    "MedlemsID": 0,
    "Navn": "Aleksander",
    "Adresse": "Rytterstien 4",
    "Post": 0,
    "Postnummer": 0,
    "Mail": "Sanderkruse1987@gmail.com",
    "Telefon": "60469691",
    "Password": "123",
    "OrderID": null,
    "Levering": null,
    "Id": 0,
    "Name": null
  },
  {
    "MedlemsID": 5,
    "Navn": "Ib",
    "Adresse": "dad",
    "Post": 0,
    "Postnummer": 5221,
    "Mail": "dasd",
    "Telefon": "555555",
    "Password": "55555",
    "OrderID": null,
    "Levering": null,
    "Id": 0,
    "Name": null
  },
  {
    "MedlemsID": 234,
    "Navn": "sdfsdf",
    "Adresse": "sdfsd",
    "Post": 0,
    "Postnummer": 4000,
    "Mail": "sdfsdf",
    "Telefon": "232",
    "Password": "234234",
    "OrderID": null,
    "Levering": null,
    "Id": 0,
    "Name": null
  },
  {
    "MedlemsID": 349,
    "Navn": "David",
    "Adresse": "4325",
    "Post": 0,
    "Postnummer": 4354,
    "Mail": "345",
    "Telefon": "345",
    "Password": "43435345",
    "OrderID": null,
    "Levering": null,
    "Id": 0,
    "Name": null
  },
  {
    "MedlemsID": 349,
    "Navn": "David",
    "Adresse": "4325",
    "Post": 0,
    "Postnummer": 4354,
    "Mail": "345",
    "Telefon": "345",
    "Password": "43435345",
    "OrderID": null,
    "Levering": null,
    "Id": 0,
    "Name": null
  },
  {
    "MedlemsID": 349,
    "Navn": "David",
    "Adresse": "4325",
    "Post": 0,
    "Postnummer": 4354,
    "Mail": "345",
    "Telefon": "345",
    "Password": "43435345",
    "OrderID": null,
    "Levering": null,
    "Id": 0,
    "Name": null
  },
  {
    "MedlemsID": 349,
    "Navn": "David",
    "Adresse": "4325",
    "Post": 0,
    "Postnummer": 4354,
    "Mail": "345",
    "Telefon": "345",
    "Password": "43435345",
    "OrderID": null,
    "Levering": null,
    "Id": 0,
    "Name": null
  },
  {
    "MedlemsID": 349,
    "Navn": "Jens",
    "Adresse": "4325",
    "Post": 0,
    "Postnummer": 4354,
    "Mail": "345",
    "Telefon": "345",
    "Password": "43435345",
    "OrderID": null,
    "Levering": null,
    "Id": 0,
    "Name": null
  },
  {
    "MedlemsID": 3,
    "Navn": "Kurt",
    "Adresse": "hej",
    "Post": 0,
    "Postnummer": 4000,
    "Mail": "dkdkdkd",
    "Telefon": "161562738495",
    "Password": "hehehehehehe",
    "OrderID": null,
    "Levering": null,
    "Id": 0,
    "Name": null
  }
]