[
  {
    "PostNummer": "0",
    "OrderID": 42,
    "Levering": "Afhentning",
    "MedlemsID": null,
    "Navn": "Jacob",
    "Adresse": null,
    "PostNR": null,
    "Foods": [
      {
        "VareNummer": 65.0,
        "Navn": "kød",
        "Pris": 70.0,
        "Producent": "hhfd",
        "SidsteSalgsDato": 1223231.0,
        "Fedt": 12.0,
        "Kulhydrat": 12.0,
        "Protein": 12.0,
        "ImageName": "vxvv"
      }
    ],
    "Kunde": [],
    "DateTime": "2020-12-14T10:52:13.7897002+01:00"
  },
  {
    "PostNummer": "0",
    "OrderID": 43,
    "Levering": "Levering",
    "MedlemsID": null,
    "Navn": "Yes man",
    "Adresse": null,
    "PostNR": null,
    "Foods": [
      {
        "VareNummer": 65.0,
        "Navn": "kød",
        "Pris": 70.0,
        "Producent": "hhfd",
        "SidsteSalgsDato": 1223231.0,
        "Fedt": 12.0,
        "Kulhydrat": 12.0,
        "Protein": 12.0,
        "ImageName": "vxvv"
      },
      {
        "VareNummer": 65.0,
        "Navn": "kød",
        "Pris": 70.0,
        "Producent": "hhfd",
        "SidsteSalgsDato": 1223231.0,
        "Fedt": 12.0,
        "Kulhydrat": 12.0,
        "Protein": 12.0,
        "ImageName": "vxvv"
      }
    ],
    "Kunde": [],
    "DateTime": "2020-12-14T10:54:24.6805895+01:00"
  },
  {
    "PostNummer": "abcd",
    "OrderID": 44,
    "Levering": "Levering",
    "MedlemsID": null,
    "Navn": "Jacob",
    "Adresse": null,
    "PostNR": null,
    "Foods": [
      {
        "VareNummer": 50.0,
        "Navn": "Røvhuller",
        "Pris": 35.0,
        "Producent": "rdfsdf",
        "SidsteSalgsDato": 435435.0,
        "Fedt": 45354.0,
        "Kulhydrat": 45.0,
        "Protein": 43545.0,
        "ImageName": "hej.gif"
      }
    ],
    "Kunde": [],
    "DateTime": "2020-12-14T11:21:53.8607592+01:00"
  },
  {
    "PostNummer": "1234",
    "OrderID": 45,
    "Levering": "Afhentning",
    "MedlemsID": null,
    "Navn": "Aleksander",
    "Adresse": null,
    "PostNR": null,
    "Foods": [
      {
        "VareNummer": 65.0,
        "Navn": "kød",
        "Pris": 70.0,
        "Producent": "hhfd",
        "SidsteSalgsDato": 1223231.0,
        "Fedt": 12.0,
        "Kulhydrat": 12.0,
        "Protein": 12.0,
        "ImageName": "vxvv"
      }
    ],
    "Kunde": [],
    "DateTime": "2020-12-14T11:24:57.1361492+01:00"
  }
]